{"cameraMode":{"drawMode":0,"name":"Shaded","section":"Shading Mode"},"sceneLighting":true,"audioPlay":false,"sceneViewState":{"m_AlwaysRefresh":false,"showFog":true,"showSkybox":true,"showFlares":true,"showImageEffects":true,"showParticleSystems":true,"showVisualEffectGraphs":true,"m_FxEnabled":true},"in2DMode":false,"pivot":{"x":-205.18507385253907,"y":59.416847229003909,"z":74.17274475097656},"rotation":{"x":0.2805350422859192,"y":0.09926198422908783,"z":-0.02521061711013317,"w":0.9550749063491821},"size":13.346266746520996,"orthographic":false}